{
  "index":3,
  "name":"Simple Linear Regression",
  "status":"live",
  "parameters":[
    {
      "index":0,
      "type":"fieldselect",
      "tag":"$numeric",
      "includeinfunction":true,
      "includeagg":true,
      "scriptid":"dependent",
      "name":"Dependent Variable",
      "hint":"This will form the vertical axis of the chart"
    },
    {
      "index":1,
      "type":"fieldselect",
      "tag":"$numeric",
      "includeinfunction":true,
      "scriptid":"independent",
      "name":"Independent Variable",
      "hint":"This will form the horizontal axis of the chart" 
    }
  ],
  "templates":[
    {
      "id":"0",
      "type":"Measure",
      "name":"LM Prediction",
      "description":"The Linear Model Prediction",
      "scriptType":"R",
      "qlikfunction":"R.ScriptEval",
      "rscript":"qslm <- lm(##<dependent>## ~ ##<independent>##, q);p <- predict(qslm, q, interval=\"prediction\");p[,1];"
    },
    {
      "id":"1",
      "type":"Measure",
      "name":"LM Lower CI",
      "description":"The Linear Model Lower Confidence Interval",
      "scriptType":"R",
      "qlikfunction":"R.ScriptEval",
      "rscript":"qslm <- lm(##<dependent>## ~ ##<independent>##, q);p <- predict(qslm, q, interval=\"confidence\");p[,2];"
    },
    {
      "id":"2",
      "type":"Measure",
      "name":"LM Upper CI",
      "description":"The Linear Model Upper Confidence Interval",
      "scriptType":"R",
      "qlikfunction":"R.ScriptEval",
      "rscript":"qslm <- lm(##<dependent>## ~ ##<independent>##, q);p <- predict(qslm, q, interval=\"confidence\");p[,3];"
    },
    {
      "id":"3",
      "type":"Measure",
      "name":"Dependent Variable",
      "description":"The Linear Model Dependant Variable",
      "scriptType":"nativeagg",
      "idForField":"dependent"
    },
    {
      "id":"4",
      "type":"Dimension",
      "name":"Independent Variable",
      "description":"The Independent Variable",
      "scriptType":"nativefield",
      "idForField":"independent"
    }
  ],
  "viz":[
    {
      "id":"0",
      "type":"combolinearreg",
      "vizicon":"combo-chart",
      "title":"Simple Linear Regression",
      "description":"Simple Linear Regression",
      "replacements":[
        {
          "template":"4",
          "path":"qHyperCubeDef.qDimensions[0]",
          "key":"qLibraryId"
        },
        {
          "template":"3",
          "path":"qHyperCubeDef.qMeasures[0]",
          "key":"qLibraryId"
        },
        {
          "template":"0",
          "path":"qHyperCubeDef.qMeasures[1]",
          "key":"qLibraryId"
        },
        {
          "template":"1",
          "path":"qHyperCubeDef.qMeasures[2]",
          "key":"qLibraryId"
        },
        {
          "template":"2",
          "path":"qHyperCubeDef.qMeasures[3]",
          "key":"qLibraryId"
        }
      ]
    }
  ]
}
