{
  "qInfo": {
    "qType": "masterobject"
  },
  "qMetaDef": {
    "title": "",
    "description": "",
    "tags": []
  },
  "qHyperCubeDef": {
    "qDimensions": [
      {
        "qLibraryId": "",
        "qDef": {
          "qGrouping": "N",
          "qFieldDefs": [],
          "qFieldLabels": [],
          "qSortCriterias": [
            {
              "qSortByLoadOrder": 1,
              "qExpression": {}
            }
          ],
          "qNumberPresentations": [],
          "qActiveField": 0,
          "autoSort": true,
          "cId": "pkeRA",
          "othersLabel": "Others"
        },
        "qOtherTotalSpec": {
          "qOtherMode": "OTHER_OFF",
          "qOtherCounted": {
            "qv": "10"
          },
          "qOtherLimit": {
            "qv": "0"
          },
          "qOtherLimitMode": "OTHER_GE_LIMIT",
          "qForceBadValueKeeping": true,
          "qApplyEvenWhenPossiblyWrongResult": true,
          "qOtherSortMode": "OTHER_SORT_DESCENDING",
          "qTotalMode": "TOTAL_OFF",
          "qReferencedExpression": {}
        },
        "qOtherLabel": {
          "qv": "Others"
        },
        "qTotalLabel": {},
        "qCalcCond": {},
        "qAttributeExpressions": [],
        "qAttributeDimensions": []
      }
    ],
    "qMeasures": [
      {
        "qLibraryId": "",
        "qDef": {
          "qTags": [],
          "qGrouping": "N",
          "qNumFormat": {
            "qType": "U",
            "qnDec": 10,
            "qUseThou": 0
          },
          "qAccumulate": 0,
          "qActiveExpression": 0,
          "qExpressions": [],
          "autoSort": true,
          "cId": "fZcuJ",
          "numFormatFromTemplate": true
        },
        "qSortBy": {
          "qSortByNumeric": -1,
          "qSortByLoadOrder": 1,
          "qExpression": {}
        },
        "qAttributeExpressions": [],
        "qAttributeDimensions": [],
        "qCalcCond": {}
      },
      {
        "qLibraryId": "",
        "qDef": {
          "qTags": [],
          "qGrouping": "N",
          "qNumFormat": {
            "qType": "U",
            "qnDec": 10,
            "qUseThou": 0
          },
          "qAccumulate": 0,
          "qActiveExpression": 0,
          "qExpressions": [],
          "autoSort": true,
          "cId": "ndkB",
          "numFormatFromTemplate": true
        },
        "qSortBy": {
          "qSortByNumeric": -1,
          "qSortByLoadOrder": 1,
          "qExpression": {}
        },
        "qAttributeExpressions": [],
        "qAttributeDimensions": [],
        "qCalcCond": {}
      },
      {
        "qLibraryId": "",
        "qDef": {
          "qTags": [],
          "qGrouping": "N",
          "qNumFormat": {
            "qType": "U",
            "qnDec": 10,
            "qUseThou": 0
          },
          "qAccumulate": 0,
          "qActiveExpression": 0,
          "qExpressions": [],
          "autoSort": true,
          "cId": "JLTVBVx",
          "numFormatFromTemplate": true
        },
        "qSortBy": {
          "qSortByNumeric": -1,
          "qSortByLoadOrder": 1,
          "qExpression": {}
        },
        "qAttributeExpressions": [],
        "qAttributeDimensions": [],
        "qCalcCond": {}
      }
    ],
    "qInterColumnSortOrder": [
      0,
      1,
      2,
      3
    ],
    "qSuppressMissing": true,
    "qInitialDataFetch": [
      {
        "qLeft": 0,
        "qTop": 0,
        "qWidth": 17,
        "qHeight": 500
      }
    ],
    "qReductionMode": "N",
    "qMode": "S",
    "qPseudoDimPos": -1,
    "qNoOfLeftDims": -1,
    "qAlwaysFullyExpanded": true,
    "qMaxStackedCells": 5000,
    "qCalcCond": {},
    "qTitle": {},
    "customErrorMessage": {
      "calcCond": ""
    },
    "qLayoutExclude": {
      "qHyperCubeDef": {
        "qDimensions": [],
        "qMeasures": [],
        "qInterColumnSortOrder": [],
        "qInitialDataFetch": [],
        "qReductionMode": "N",
        "qMode": "S",
        "qPseudoDimPos": -1,
        "qNoOfLeftDims": -1,
        "qMaxStackedCells": 5000,
        "qCalcCond": {},
        "qTitle": {}
      }
    }
  },
  "refLine": {
    "refLines": []
  },
  "showTitles": true,
  "title": "",
  "subtitle": "",
  "footnote": "",
  "showDetails": false,
  "lineType": "line",
  "stackedArea": false,
  "separateStacking": true,
  "scrollStartPos": 0,
  "nullMode": "gap",
  "dataPoint": {
    "show": false,
    "showLabels": false
  },
  "gridLine": {
    "auto": true,
    "spacing": 2
  },
  "color": {
    "auto": true,
    "mode": "primary",
    "useBaseColors": "off",
    "singleColor": 3,
    "paletteColor": {
      "index": 6
    },
    "persistent": false,
    "expressionIsColor": true,
    "expressionLabel": "",
    "measureScheme": "sg",
    "reverseScheme": false,
    "dimensionScheme": "12",
    "autoMinMax": true,
    "measureMin": 0,
    "measureMax": 10
  },
  "legend": {
    "show": true,
    "dock": "auto",
    "showTitle": true
  },
  "dimensionAxis": {
    "continuousAuto": true,
    "show": "all",
    "label": "auto",
    "dock": "near"
  },
  "preferContinuousAxis": true,
  "measureAxis": {
    "show": "all",
    "dock": "near",
    "spacing": 1,
    "autoMinMax": true,
    "minMax": "min",
    "min": 0,
    "max": 10,
    "logarithmic": false
  },
  "visualization": "linechart"
}
