{
  "index":0,
  "name":"K-means Cluster",
  "status":"live",
  "parameters":[
    {
      "index":0,
      "type":"fieldselect",
      "includeinfunction":false,
      "scriptid":"dimension",
      "name":"Dimension"
    },
    {
      "index":1,
      "type":"fieldselect",
      "tag":"$numeric",
      "includeagg":true,
      "includeinfunction":true,
      "scriptid":"measure1",
      "name":"Measure 1",
      "hint":"The measure will form the horizontal axis of the scatter plot. It will also form part of the k-means cluster operation"
    },
    {
      "index":2,
      "type":"fieldselect",
      "tag":"$numeric",
      "includeagg":true,
      "includeinfunction":true,
      "scriptid":"measure2",
      "name":"Measure 2",
      "array":true,
      "hint":"The first measure will form the vertical axis of the scatter plot. This measure and additional ones will be included in the k-means clustering operation."
    }
  ],
  "templates":[
    {
      "id":"0",
      "type":"Measure",
      "name":"K-Means Scatter - Measure 1",
      "description":"Measure 1 for K-Means scatter plot",
      "scriptType":"nativeagg",
      "idForField":"measure1"
    },
    {
      "id":"1",
      "type":"Measure",
      "name":"K-Means Scatter - Measure 2",
      "description":"Measure 2 for k-Means scatter plot",
      "scriptType":"nativeagg",
      "idForField":"measure2"
    },
    {
      "id":"2",
      "type":"Measure",
      "name":"Cluster Number",
      "description":"Returns a K-Means cluster number which is best used as a Color By Measure option",
      "scriptType":"R",
      "qlikfunction":"R.ScriptEval",
      "rscript":"clusterdata <- q;clusterdata[is.na(clusterdata)] <- 0;set.seed(20); cluster <- kmeans(clusterdata,$(vNumberOfClusters),nstart = 20);cluster$cluster;"
    },
    {
      "id":"3",
      "type":"Dimension",
      "name":"Cluster Dimension",
      "description":"The field for the clusters",
      "scriptType":"nativefield",
      "idForField":"dimension"
    }
  ],
  "viz":[
    {
      "id":"0",
      "type":"clusterscatter",
      "vizicon":"scatter-chart",
      "title":"K-Means Cluster - Scatter Plot",
      "description":"K-means cluster displayed as a scatter plot",
      "replacements":[
        {
          "template":"3",
          "path":"qHyperCubeDef.qDimensions[0]",
          "key":"qLibraryId"
        },
        {
          "template":"0",
          "path":"qHyperCubeDef.qMeasures[0]",
          "key":"qLibraryId"
        },
        {
          "template":"1",
          "path":"qHyperCubeDef.qMeasures[1]",
          "key":"qLibraryId"
        },
        {
          "template":"2",
          "path":"qHyperCubeDef.qDimensions[0].qAttributeExpressions[0]",
          "key":"qLibraryId"
        },
        {
          "template":"2",
          "path":"color.byMeasureDef",
          "key":"key"
        }
      ]
    }
  ],
  "variables":[
    {
      "id":"0",
      "name":"vNumberOfClusters",
      "description":"The number of clusters, adjust to meet your needs. Should be a numeric greater than 1 and less than the number of data points",
      "definition":"4"
    }
  ]
}
